id,TPS,Jenis,Jarak_M,Kategori,Jarak_Pem
1,KSM CEMERLANG,TPS 3R,16.016091,PERMUKIMAN,16.016
2,BARAYA JATI,BANK SAMPAH,18.486970,PERMUKIMAN,18.487
3,CIWALEN,TPS 3R,67.761403,PERMUKIMAN,67.761
4,KSM MASLAHAT,TPS 3R,20.945265,PERMUKIMAN,20.945
5,TERANG,TPS 3R,234.501236,PERMUKIMAN,234.501
6,BABAKAN KARET,TPS 3R,177.294792,PERMUKIMAN,177.295
7,KSM BANYU PANGKALAN,TPS 3R,90.689066,PERMUKIMAN,90.689
8,CIKIDANG BAYABANG,BIODIGESTER,253.014336,PERMUKIMAN,253.014
9,SUKANAGALIH BERSEKA,TPS 3R,83.823481,PERMUKIMAN,83.823
10,KSM BERSEMI,TPS 3R,246.395390,PERMUKIMAN,246.395
11,KSM BADAK CIHEA,TPS 3R,90.544792,PERMUKIMAN,90.545
12,KSM MEKARWANGI,TPS 3R,18.729841,PERMUKIMAN,18.730
13,KERTAMUKTI,TPS 3R,10.306292,PERMUKIMAN,10.306
14,CIPEYEUM,TPS 3R,89.436288,PERMUKIMAN,89.436
15,KERTAJAYA,TPS 3R,25.440695,PERMUKIMAN,25.441
16,KSM SARI MASHUR,TPS 3R,54.708890,PERMUKIMAN,54.709
17,GELARPAWITAN,TPS 3R,28.373518,PERMUKIMAN,28.374
