id,TPS,Jenis,Jarak_M,Kategori,Jarak_Air
1,KSM CEMERLANG,TPS 3R,2377.361191,SUNGAI,2377.361
2,BARAYA JATI,BANK SAMPAH,327.925667,SUNGAI,327.926
3,CIWALEN,TPS 3R,2936.071946,SUNGAI,2936.072
4,KSM MASLAHAT,TPS 3R,1297.470615,SUNGAI,1297.471
5,TERANG,TPS 3R,434.729310,SUNGAI,434.729
6,BABAKAN KARET,TPS 3R,1531.730157,SUNGAI,1531.730
7,KSM BANYU PANGKALAN,TPS 3R,1218.393064,SUNGAI,1218.393
8,CIKIDANGBAYABANG,BIODIGESTER,424.943838,SUNGAI,424.944
9,SUKANAGALIH BERSEKA,TPS 3R,755.292750,SUNGAI,755.293
10,KSM BERSEMI,TPS 3R,266.151475,SUNGAI,266.151
11,KSM BADAK CIHEA,TPS 3R,333.676369,SUNGAI,333.676
12,KSM MEKARWANGI,TPS 3R,3121.499280,SUNGAI,3121.499
13,KERTAMUKTI,TRS 3R,219.632737,SUNGAI,219.633
14,CIPEYEUM,TPS 3R,862.374555,SUNGAI,862.375
15,KERTAJAYA,TPS 3R,345.790678,SUNGAI,345.791
16,KSM SARI MASHUR,TPS 3R,332.525606,SUNGAI,332.526
17,GELARPAWITAN,TPS 3R,646.915143,SUNGAI,646.915
