Kecamatan,Jumlah Penduduk (Ribu),Laju Pertumbuhan Penduduk per Tahun,Persentase Penduduk,Kepadatan Penduduk per km persegi (Km2),Rasio Jenis Kelamin Penduduk
Agrabinta,42.4,0.77,1.61,216,103
Leles,31.5,-0.06,1.2,274,110
Sindangbarang,61.9,0.98,2.35,390,101
Cidaun,72.1,0.62,2.74,242,111
Naringgul,48.7,0.46,1.85,169,112
Cibinong,67.2,0.82,2.55,280,103
Cikadu,38.1,0.5,1.45,195,114
Tanggeung,53.1,1,2.02,805,101
Pasirkuda,39.9,0.79,1.51,379,110
Kadupandak,54.9,0.63,2.08,527,104
Cijati,35.2,0.37,1.34,723,102
Takokak,52.5,0.14,1.99,361,105
Sukanagara,59.3,1.08,2.25,348,104
Pagelaran,79.4,0.83,3.01,394,103
Campaka,72.5,0.69,2.75,512,107
Campakamulya,24.1,0.03,0.91,324,115
Cibeber,142.9,1.16,5.42,1159,103
Warungkondang,84.6,1.48,3.21,1851,104
Gekbrong,66.2,1.44,2.51,1315,107
Cilaku,128.9,1.59,4.89,2437,101
Sukaluyu,100.5,2.02,3.81,2103,102
Bojongpicung,90,1.31,3.41,1005,101
Haurwangi,69.2,1.41,2.63,1507,106
Ciranjang,96.3,1.43,3.66,2825,100
Mande,88.1,1.34,3.34,934,105
Karangtengah,180.6,1.65,6.86,3726,101
Cianjur,180.5,0.71,6.85,6820,100
Cugenang,126.4,1.32,4.8,1652,105
Pacet,118.2,1.11,4.49,2837,107
Cipanas,118.2,0.69,4.49,1733,110
Sukaresmi,97.1,1.06,3.68,1011,108
Cikalongkulon,114.7,1.08,4.35,801,104
Cianjur,2634.8,1.08,100,725,104
,,,,,
Keterangan,,,,,
"Kepadatan penduduk menggunakan luas wilayah berdasarkan data dari Badan Perencanaan Pembangunan, Penelitian dan Pengembangan Daerah/Population density using land area based on data from the Regional Development Planning, Research and Innovation Agency",,,,,